{"im":0.197,
"WDM": 57.808495,
"WUM": 30.765877,
"WLM": 107.386628,
"SM": 76.487,
"b": 0.49,
"EX": 1.696,
"kc": 0.101,
"C": 0.093,
"KI": 0.189,
"KG": 0.144
}